url,response status,server,time to headers millis,time for content millis,response length bytes
https://tile.mapzen.com/mapzen/vector/v1/512/all/13/1311/3167.mvt?api_key=mapzen-6Lefst1,200,Metatile,328,395,36482
https://tile.mapzen.com/mapzen/vector/v1/512/all/14/2616/6330.mvt?api_key=mapzen-6Lefst1,200,Metatile,325,382,2288
https://tile.mapzen.com/mapzen/vector/v1/512/all/13/1311/3166.mvt?api_key=mapzen-6Lefst1,200,Metatile,345,405,11203
https://tile.mapzen.com/mapzen/vector/v1/512/all/13/1310/3164.mvt?api_key=mapzen-6Lefst1,200,Metatile,282,527,6075
https://tile.mapzen.com/mapzen/vector/v1/512/all/14/2616/6331.mvt?api_key=mapzen-6Lefst1,200,Metatile,66,96,1263
https://tile.mapzen.com/mapzen/vector/v1/512/all/12/655/1582.mvt?api_key=mapzen-6Lefst1,200,Metatile,212,646,64378
https://tile.mapzen.com/mapzen/vector/v1/512/all/13/1310/3168.mvt?api_key=mapzen-6Lefst1,200,Metatile,215,567,57682
https://tile.mapzen.com/mapzen/vector/v1/512/all/13/1309/3164.mvt?api_key=mapzen-6Lefst1,200,Metatile,187,616,5747
https://tile.mapzen.com/mapzen/vector/v1/512/all/13/1309/3165.mvt?api_key=mapzen-6Lefst1,200,Metatile,278,675,69166
https://tile.mapzen.com/mapzen/vector/v1/512/all/14/2616/6329.mvt?api_key=mapzen-6Lefst1,200,Metatile,309,600,9551
https://tile.mapzen.com/mapzen/vector/v1/512/all/14/2616/6335.mvt?api_key=mapzen-6Lefst1,200,Metatile,110,127,36027
https://tile.mapzen.com/mapzen/vector/v1/512/all/13/1311/3168.mvt?api_key=mapzen-6Lefst1,200,Metatile,333,622,6550
https://tile.mapzen.com/mapzen/vector/v1/512/all/12/654/1582.mvt?api_key=mapzen-6Lefst1,200,Metatile,358,798,49300
https://tile.mapzen.com/mapzen/vector/v1/512/all/12/654/1584.mvt?api_key=mapzen-6Lefst1,200,Metatile,270,794,74932
https://tile.mapzen.com/mapzen/vector/v1/512/all/13/1311/3164.mvt?api_key=mapzen-6Lefst1,200,Metatile,389,734,12062
https://tile.mapzen.com/mapzen/vector/v1/512/all/12/654/1583.mvt?api_key=mapzen-6Lefst1,200,Metatile,351,830,132956
https://tile.mapzen.com/mapzen/vector/v1/512/all/14/2616/6336.mvt?api_key=mapzen-6Lefst1,200,Metatile,157,180,6282
https://tile.mapzen.com/mapzen/vector/v1/512/all/14/2616/6333.mvt?api_key=mapzen-6Lefst1,200,Metatile,209,289,187878
https://tile.mapzen.com/mapzen/vector/v1/512/all/14/2617/6330.mvt?api_key=mapzen-6Lefst1,200,Metatile,154,157,7248
https://tile.mapzen.com/mapzen/vector/v1/512/all/12/655/1584.mvt?api_key=mapzen-6Lefst1,200,Metatile,291,839,54095
https://tile.mapzen.com/mapzen/vector/v1/512/all/13/1308/3168.mvt?api_key=mapzen-6Lefst1,200,Metatile,401,811,61389
https://tile.mapzen.com/mapzen/vector/v1/512/all/13/1308/3164.mvt?api_key=mapzen-6Lefst1,200,Metatile,401,852,28442
https://tile.mapzen.com/mapzen/vector/v1/512/all/14/2617/6331.mvt?api_key=mapzen-6Lefst1,200,Metatile,126,130,27906
https://tile.mapzen.com/mapzen/vector/v1/512/all/14/2616/6332.mvt?api_key=mapzen-6Lefst1,200,Metatile,246,348,174253
https://tile.mapzen.com/mapzen/vector/v1/512/all/13/1311/3165.mvt?api_key=mapzen-6Lefst1,200,Metatile,410,805,16525
https://tile.mapzen.com/mapzen/vector/v1/512/all/10/163/396.mvt?api_key=mapzen-6Lefst1,200,Metatile,423,912,91147
https://tile.mapzen.com/mapzen/vector/v1/512/all/10/163/395.mvt?api_key=mapzen-6Lefst1,200,Metatile,323,912,155975
https://tile.mapzen.com/mapzen/vector/v1/512/all/14/2617/6329.mvt?api_key=mapzen-6Lefst1,200,Metatile,228,246,17770
https://tile.mapzen.com/mapzen/vector/v1/512/all/13/1309/3168.mvt?api_key=mapzen-6Lefst1,200,Metatile,438,829,134175
https://tile.mapzen.com/mapzen/vector/v1/512/all/12/655/1583.mvt?api_key=mapzen-6Lefst1,200,Metatile,334,895,132109
https://tile.mapzen.com/mapzen/vector/v1/512/all/13/1308/3165.mvt?api_key=mapzen-6Lefst1,200,Metatile,391,883,17826
https://tile.mapzen.com/mapzen/vector/v1/512/all/14/2616/6334.mvt?api_key=mapzen-6Lefst1,200,Metatile,217,307,226072
https://tile.mapzen.com/mapzen/vector/v1/512/all/13/1309/3166.mvt?api_key=mapzen-6Lefst1,200,Metatile,341,840,202425
https://tile.mapzen.com/mapzen/vector/v1/512/all/14/2617/6336.mvt?api_key=mapzen-6Lefst1,200,Metatile,117,128,107225
https://tile.mapzen.com/mapzen/vector/v1/512/all/13/1308/3166.mvt?api_key=mapzen-6Lefst1,200,Metatile,360,905,112100
https://tile.mapzen.com/mapzen/vector/v1/512/all/13/1310/3165.mvt?api_key=mapzen-6Lefst1,200,Metatile,509,868,115804
https://tile.mapzen.com/mapzen/vector/v1/512/all/11/327/792.mvt?api_key=mapzen-6Lefst1,200,Metatile,408,975,133328
https://tile.mapzen.com/mapzen/vector/v1/512/all/14/2618/6330.mvt?api_key=mapzen-6Lefst1,200,Metatile,142,147,11429
https://tile.mapzen.com/mapzen/vector/v1/512/all/13/1308/3167.mvt?api_key=mapzen-6Lefst1,200,Metatile,402,946,168088
https://tile.mapzen.com/mapzen/vector/v1/512/all/14/2619/6329.mvt?api_key=mapzen-6Lefst1,200,Metatile,111,114,1611
https://tile.mapzen.com/mapzen/vector/v1/512/all/11/327/791.mvt?api_key=mapzen-6Lefst1,200,Metatile,466,1002,178429
https://tile.mapzen.com/mapzen/vector/v1/512/all/13/1310/3166.mvt?api_key=mapzen-6Lefst1,200,Metatile,448,928,198777
https://tile.mapzen.com/mapzen/vector/v1/512/all/14/2617/6335.mvt?api_key=mapzen-6Lefst1,200,Metatile,190,227,177087
https://tile.mapzen.com/mapzen/vector/v1/512/all/14/2620/6329.mvt?api_key=mapzen-6Lefst1,200,Metatile,140,148,5385
https://tile.mapzen.com/mapzen/vector/v1/512/all/14/2617/6332.mvt?api_key=mapzen-6Lefst1,200,Metatile,233,315,369423
https://tile.mapzen.com/mapzen/vector/v1/512/all/14/2617/6334.mvt?api_key=mapzen-6Lefst1,200,Metatile,221,296,409002
https://tile.mapzen.com/mapzen/vector/v1/512/all/14/2620/6330.mvt?api_key=mapzen-6Lefst1,200,Metatile,145,151,40698
https://tile.mapzen.com/mapzen/vector/v1/512/all/14/2621/6330.mvt?api_key=mapzen-6Lefst1,200,Metatile,78,81,10082
https://tile.mapzen.com/mapzen/vector/v1/512/all/14/2621/6329.mvt?api_key=mapzen-6Lefst1,200,Metatile,91,93,1060
https://tile.mapzen.com/mapzen/vector/v1/512/all/14/2619/6330.mvt?api_key=mapzen-6Lefst1,200,Metatile,190,193,20964
https://tile.mapzen.com/mapzen/vector/v1/512/all/14/2617/6333.mvt?api_key=mapzen-6Lefst1,200,Metatile,232,328,341213
https://tile.mapzen.com/mapzen/vector/v1/512/all/14/2618/6333.mvt?api_key=mapzen-6Lefst1,200,Metatile,200,281,310062
https://tile.mapzen.com/mapzen/vector/v1/512/all/13/1310/3167.mvt?api_key=mapzen-6Lefst1,200,Metatile,638,1047,232279
https://tile.mapzen.com/mapzen/vector/v1/512/all/14/2618/6332.mvt?api_key=mapzen-6Lefst1,200,Metatile,248,312,367543
https://tile.mapzen.com/mapzen/vector/v1/512/all/13/1309/3167.mvt?api_key=mapzen-6Lefst1,200,Metatile,666,1096,212410
https://tile.mapzen.com/mapzen/vector/v1/512/all/14/2618/6331.mvt?api_key=mapzen-6Lefst1,200,Metatile,295,343,67295
https://tile.mapzen.com/mapzen/vector/v1/512/all/14/2622/6330.mvt?api_key=mapzen-6Lefst1,200,Metatile,111,115,14219
https://tile.mapzen.com/mapzen/vector/v1/512/all/14/2622/6333.mvt?api_key=mapzen-6Lefst1,200,Metatile,95,98,13980
https://tile.mapzen.com/mapzen/vector/v1/512/all/14/2618/6335.mvt?api_key=mapzen-6Lefst1,200,Metatile,233,329,354522
https://tile.mapzen.com/mapzen/vector/v1/512/all/14/2622/6331.mvt?api_key=mapzen-6Lefst1,200,Metatile,118,121,5238
https://tile.mapzen.com/mapzen/vector/v1/512/all/14/2622/6329.mvt?api_key=mapzen-6Lefst1,200,Metatile,136,140,25774
https://tile.mapzen.com/mapzen/vector/v1/512/all/14/2619/6331.mvt?api_key=mapzen-6Lefst1,200,Metatile,230,333,341109
https://tile.mapzen.com/mapzen/vector/v1/512/all/14/2622/6336.mvt?api_key=mapzen-6Lefst1,200,Metatile,86,89,7817
https://tile.mapzen.com/mapzen/vector/v1/512/all/14/2623/6330.mvt?api_key=mapzen-6Lefst1,200,Metatile,65,75,11887
https://tile.mapzen.com/mapzen/vector/v1/512/all/14/2619/6334.mvt?api_key=mapzen-6Lefst1,200,Metatile,280,348,342995
https://tile.mapzen.com/mapzen/vector/v1/512/all/14/2623/6329.mvt?api_key=mapzen-6Lefst1,200,Metatile,83,86,3077
https://tile.mapzen.com/mapzen/vector/v1/512/all/14/2621/6332.mvt?api_key=mapzen-6Lefst1,200,Metatile,190,244,181456
https://tile.mapzen.com/mapzen/vector/v1/512/all/14/2622/6332.mvt?api_key=mapzen-6Lefst1,200,Metatile,179,182,7541
https://tile.mapzen.com/mapzen/vector/v1/512/all/14/2623/6334.mvt?api_key=mapzen-6Lefst1,200,Metatile,70,72,806
https://tile.mapzen.com/mapzen/vector/v1/512/all/14/2623/6331.mvt?api_key=mapzen-6Lefst1,200,Metatile,105,107,3020
https://tile.mapzen.com/mapzen/vector/v1/512/all/14/2621/6331.mvt?api_key=mapzen-6Lefst1,200,Metatile,260,314,221060
https://tile.mapzen.com/mapzen/vector/v1/512/all/14/2621/6334.mvt?api_key=mapzen-6Lefst1,200,Metatile,156,252,222678
https://tile.mapzen.com/mapzen/vector/v1/512/all/14/2618/6334.mvt?api_key=mapzen-6Lefst1,200,Metatile,297,460,361967
https://tile.mapzen.com/mapzen/vector/v1/512/all/14/2623/6335.mvt?api_key=mapzen-6Lefst1,200,Metatile,107,110,10086
https://tile.mapzen.com/mapzen/vector/v1/512/all/14/2622/6334.mvt?api_key=mapzen-6Lefst1,200,Metatile,220,228,45909
https://tile.mapzen.com/mapzen/vector/v1/512/all/14/2620/6333.mvt?api_key=mapzen-6Lefst1,200,Metatile,277,424,369624
https://tile.mapzen.com/mapzen/vector/v1/512/all/14/2620/6336.mvt?api_key=mapzen-6Lefst1,200,Metatile,318,396,214043
https://tile.mapzen.com/mapzen/vector/v1/512/all/14/2622/6335.mvt?api_key=mapzen-6Lefst1,200,Metatile,250,262,114201
https://tile.mapzen.com/mapzen/vector/v1/512/all/14/2623/6332.mvt?api_key=mapzen-6Lefst1,200,Metatile,199,202,950
https://tile.mapzen.com/mapzen/vector/v1/512/all/15/5232/12663.mvt?api_key=mapzen-6Lefst1,200,Metatile,163,166,861
https://tile.mapzen.com/mapzen/vector/v1/512/all/14/2621/6335.mvt?api_key=mapzen-6Lefst1,200,Metatile,271,370,382919
https://tile.mapzen.com/mapzen/vector/v1/512/all/14/2623/6336.mvt?api_key=mapzen-6Lefst1,200,Metatile,196,200,3167
https://tile.mapzen.com/mapzen/vector/v1/512/all/15/5232/12661.mvt?api_key=mapzen-6Lefst1,200,Metatile,170,174,296
https://tile.mapzen.com/mapzen/vector/v1/512/all/15/5232/12668.mvt?api_key=mapzen-6Lefst1,200,Metatile,118,121,2424
https://tile.mapzen.com/mapzen/vector/v1/512/all/14/2623/6333.mvt?api_key=mapzen-6Lefst1,200,Metatile,237,240,797
https://tile.mapzen.com/mapzen/vector/v1/512/all/14/2619/6336.mvt?api_key=mapzen-6Lefst1,200,Metatile,365,529,397061
https://tile.mapzen.com/mapzen/vector/v1/512/all/15/5232/12662.mvt?api_key=mapzen-6Lefst1,200,Metatile,176,179,296
https://tile.mapzen.com/mapzen/vector/v1/512/all/15/5232/12660.mvt?api_key=mapzen-6Lefst1,200,Metatile,186,189,422
https://tile.mapzen.com/mapzen/vector/v1/512/all/15/5232/12667.mvt?api_key=mapzen-6Lefst1,200,Metatile,137,140,14047
https://tile.mapzen.com/mapzen/vector/v1/512/all/14/2621/6336.mvt?api_key=mapzen-6Lefst1,200,Metatile,329,390,174802
https://tile.mapzen.com/mapzen/vector/v1/512/all/14/2619/6333.mvt?api_key=mapzen-6Lefst1,200,Metatile,364,555,434073
https://tile.mapzen.com/mapzen/vector/v1/512/all/15/5232/12669.mvt?api_key=mapzen-6Lefst1,200,Metatile,137,139,777
https://tile.mapzen.com/mapzen/vector/v1/512/all/14/2618/6329.mvt?api_key=mapzen-6Lefst1,200,Metatile,639,642,4310
https://tile.mapzen.com/mapzen/vector/v1/512/all/14/2621/6333.mvt?api_key=mapzen-6Lefst1,200,Metatile,300,448,232117
https://tile.mapzen.com/mapzen/vector/v1/512/all/15/5232/12659.mvt?api_key=mapzen-6Lefst1,200,Metatile,223,227,5733
https://tile.mapzen.com/mapzen/vector/v1/512/all/15/5233/12658.mvt?api_key=mapzen-6Lefst1,200,Metatile,85,88,4995
https://tile.mapzen.com/mapzen/vector/v1/512/all/15/5232/12673.mvt?api_key=mapzen-6Lefst1,200,Metatile,87,90,975
https://tile.mapzen.com/mapzen/vector/v1/512/all/15/5232/12670.mvt?api_key=mapzen-6Lefst1,200,Metatile,134,136,296
https://tile.mapzen.com/mapzen/vector/v1/512/all/14/2620/6332.mvt?api_key=mapzen-6Lefst1,200,Metatile,468,558,277664
https://tile.mapzen.com/mapzen/vector/v1/512/all/14/2620/6335.mvt?api_key=mapzen-6Lefst1,200,Metatile,352,524,404857
https://tile.mapzen.com/mapzen/vector/v1/512/all/15/5232/12664.mvt?api_key=mapzen-6Lefst1,200,Metatile,217,224,16632
https://tile.mapzen.com/mapzen/vector/v1/512/all/15/5232/12666.mvt?api_key=mapzen-6Lefst1,200,Metatile,190,194,18578
https://tile.mapzen.com/mapzen/vector/v1/512/all/15/5232/12671.mvt?api_key=mapzen-6Lefst1,200,Metatile,129,132,283
https://tile.mapzen.com/mapzen/vector/v1/512/all/15/5232/12658.mvt?api_key=mapzen-6Lefst1,200,Metatile,266,269,4001
https://tile.mapzen.com/mapzen/vector/v1/512/all/15/5232/12672.mvt?api_key=mapzen-6Lefst1,200,Metatile,133,135,283
https://tile.mapzen.com/mapzen/vector/v1/512/all/15/5233/12663.mvt?api_key=mapzen-6Lefst1,200,Metatile,67,74,1687
https://tile.mapzen.com/mapzen/vector/v1/512/all/15/5233/12661.mvt?api_key=mapzen-6Lefst1,200,Metatile,68,76,296
https://tile.mapzen.com/mapzen/vector/v1/512/all/15/5233/12662.mvt?api_key=mapzen-6Lefst1,200,Metatile,70,77,296
https://tile.mapzen.com/mapzen/vector/v1/512/all/15/5233/12660.mvt?api_key=mapzen-6Lefst1,200,Metatile,69,79,3669
https://tile.mapzen.com/mapzen/vector/v1/512/all/15/5233/12659.mvt?api_key=mapzen-6Lefst1,200,Metatile,84,87,5654
https://tile.mapzen.com/mapzen/vector/v1/512/all/15/5233/12672.mvt?api_key=mapzen-6Lefst1,200,Metatile,58,62,8427
https://tile.mapzen.com/mapzen/vector/v1/512/all/15/5234/12658.mvt?api_key=mapzen-6Lefst1,200,Metatile,52,56,4631
https://tile.mapzen.com/mapzen/vector/v1/512/all/14/2619/6332.mvt?api_key=mapzen-6Lefst1,200,Metatile,501,640,358080
https://tile.mapzen.com/mapzen/vector/v1/512/all/15/5234/12662.mvt?api_key=mapzen-6Lefst1,200,Metatile,63,66,296
https://tile.mapzen.com/mapzen/vector/v1/512/all/15/5233/12673.mvt?api_key=mapzen-6Lefst1,200,Metatile,79,81,4667
https://tile.mapzen.com/mapzen/vector/v1/512/all/14/2620/6334.mvt?api_key=mapzen-6Lefst1,200,Metatile,491,610,518475
https://tile.mapzen.com/mapzen/vector/v1/512/all/15/5234/12660.mvt?api_key=mapzen-6Lefst1,200,Metatile,73,77,1617
https://tile.mapzen.com/mapzen/vector/v1/512/all/15/5234/12663.mvt?api_key=mapzen-6Lefst1,200,Metatile,73,76,7159
https://tile.mapzen.com/mapzen/vector/v1/512/all/15/5234/12659.mvt?api_key=mapzen-6Lefst1,200,Metatile,82,90,4808
https://tile.mapzen.com/mapzen/vector/v1/512/all/15/5233/12664.mvt?api_key=mapzen-6Lefst1,200,Metatile,122,136,54244
https://tile.mapzen.com/mapzen/vector/v1/512/all/14/2620/6331.mvt?api_key=mapzen-6Lefst1,200,Metatile,489,670,409107
https://tile.mapzen.com/mapzen/vector/v1/512/all/14/2619/6335.mvt?api_key=mapzen-6Lefst1,200,Metatile,544,682,433599
https://tile.mapzen.com/mapzen/vector/v1/512/all/15/5233/12666.mvt?api_key=mapzen-6Lefst1,200,Metatile,130,144,81923
https://tile.mapzen.com/mapzen/vector/v1/512/all/15/5233/12670.mvt?api_key=mapzen-6Lefst1,200,Metatile,121,134,61819
https://tile.mapzen.com/mapzen/vector/v1/512/all/15/5233/12671.mvt?api_key=mapzen-6Lefst1,200,Metatile,135,138,11755
https://tile.mapzen.com/mapzen/vector/v1/512/all/15/5235/12659.mvt?api_key=mapzen-6Lefst1,200,Metatile,67,71,10670
https://tile.mapzen.com/mapzen/vector/v1/512/all/15/5233/12668.mvt?api_key=mapzen-6Lefst1,200,Metatile,128,161,148555
https://tile.mapzen.com/mapzen/vector/v1/512/all/15/5232/12665.mvt?api_key=mapzen-6Lefst1,200,Metatile,308,320,36800
https://tile.mapzen.com/mapzen/vector/v1/512/all/15/5233/12667.mvt?api_key=mapzen-6Lefst1,200,Metatile,145,169,176156
https://tile.mapzen.com/mapzen/vector/v1/512/all/15/5234/12671.mvt?api_key=mapzen-6Lefst1,200,Metatile,94,102,6377
https://tile.mapzen.com/mapzen/vector/v1/512/all/15/5235/12658.mvt?api_key=mapzen-6Lefst1,200,Metatile,82,90,19405
https://tile.mapzen.com/mapzen/vector/v1/512/all/15/5234/12673.mvt?api_key=mapzen-6Lefst1,200,Metatile,117,136,51298
https://tile.mapzen.com/mapzen/vector/v1/512/all/15/5234/12672.mvt?api_key=mapzen-6Lefst1,200,Metatile,134,141,16868
https://tile.mapzen.com/mapzen/vector/v1/512/all/15/5233/12669.mvt?api_key=mapzen-6Lefst1,200,Metatile,175,198,150020
https://tile.mapzen.com/mapzen/vector/v1/512/all/15/5235/12661.mvt?api_key=mapzen-6Lefst1,200,Metatile,102,109,11194
https://tile.mapzen.com/mapzen/vector/v1/512/all/15/5236/12658.mvt?api_key=mapzen-6Lefst1,200,Metatile,57,62,6719
https://tile.mapzen.com/mapzen/vector/v1/512/all/15/5235/12662.mvt?api_key=mapzen-6Lefst1,200,Metatile,126,129,13923
https://tile.mapzen.com/mapzen/vector/v1/512/all/15/5233/12665.mvt?api_key=mapzen-6Lefst1,200,Metatile,197,239,181278
https://tile.mapzen.com/mapzen/vector/v1/512/all/15/5234/12666.mvt?api_key=mapzen-6Lefst1,200,Metatile,165,188,80999
https://tile.mapzen.com/mapzen/vector/v1/512/all/15/5236/12659.mvt?api_key=mapzen-6Lefst1,200,Metatile,72,76,296
https://tile.mapzen.com/mapzen/vector/v1/512/all/15/5235/12660.mvt?api_key=mapzen-6Lefst1,200,Metatile,154,156,1923
https://tile.mapzen.com/mapzen/vector/v1/512/all/15/5235/12663.mvt?api_key=mapzen-6Lefst1,200,Metatile,140,143,30658
https://tile.mapzen.com/mapzen/vector/v1/512/all/15/5234/12665.mvt?api_key=mapzen-6Lefst1,200,Metatile,180,213,156175
https://tile.mapzen.com/mapzen/vector/v1/512/all/15/5234/12664.mvt?api_key=mapzen-6Lefst1,200,Metatile,168,214,119150
https://tile.mapzen.com/mapzen/vector/v1/512/all/15/5234/12669.mvt?api_key=mapzen-6Lefst1,200,Metatile,146,214,164134
https://tile.mapzen.com/mapzen/vector/v1/512/all/15/5236/12660.mvt?api_key=mapzen-6Lefst1,200,Metatile,108,112,296
https://tile.mapzen.com/mapzen/vector/v1/512/all/15/5234/12670.mvt?api_key=mapzen-6Lefst1,200,Metatile,195,242,106438
https://tile.mapzen.com/mapzen/vector/v1/512/all/14/2618/6336.mvt?api_key=mapzen-6Lefst1,200,Metatile,822,895,342490
https://tile.mapzen.com/mapzen/vector/v1/512/all/15/5235/12665.mvt?api_key=mapzen-6Lefst1,200,Metatile,151,201,161373
https://tile.mapzen.com/mapzen/vector/v1/512/all/15/5236/12661.mvt?api_key=mapzen-6Lefst1,200,Metatile,154,164,19076
https://tile.mapzen.com/mapzen/vector/v1/512/all/15/5236/12662.mvt?api_key=mapzen-6Lefst1,200,Metatile,144,172,33759
https://tile.mapzen.com/mapzen/vector/v1/512/all/15/5235/12670.mvt?api_key=mapzen-6Lefst1,200,Metatile,176,208,105149
https://tile.mapzen.com/mapzen/vector/v1/512/all/15/5235/12669.mvt?api_key=mapzen-6Lefst1,200,Metatile,135,210,158451
https://tile.mapzen.com/mapzen/vector/v1/512/all/15/5235/12667.mvt?api_key=mapzen-6Lefst1,200,Metatile,172,226,174475
https://tile.mapzen.com/mapzen/vector/v1/512/all/15/5235/12666.mvt?api_key=mapzen-6Lefst1,200,Metatile,164,232,111335
https://tile.mapzen.com/mapzen/vector/v1/512/all/15/5237/12661.mvt?api_key=mapzen-6Lefst1,200,Metatile,79,81,2215
https://tile.mapzen.com/mapzen/vector/v1/512/all/15/5237/12658.mvt?api_key=mapzen-6Lefst1,200,Metatile,91,97,943
https://tile.mapzen.com/mapzen/vector/v1/512/all/15/5235/12672.mvt?api_key=mapzen-6Lefst1,200,Metatile,212,218,34440
https://tile.mapzen.com/mapzen/vector/v1/512/all/15/5237/12659.mvt?api_key=mapzen-6Lefst1,200,Metatile,96,100,296
https://tile.mapzen.com/mapzen/vector/v1/512/all/15/5234/12668.mvt?api_key=mapzen-6Lefst1,200,Metatile,271,314,136705
https://tile.mapzen.com/mapzen/vector/v1/512/all/15/5237/12660.mvt?api_key=mapzen-6Lefst1,200,Metatile,96,99,296
https://tile.mapzen.com/mapzen/vector/v1/512/all/15/5236/12663.mvt?api_key=mapzen-6Lefst1,200,Metatile,173,175,18333
https://tile.mapzen.com/mapzen/vector/v1/512/all/15/5234/12667.mvt?api_key=mapzen-6Lefst1,200,Metatile,300,328,157505
https://tile.mapzen.com/mapzen/vector/v1/512/all/15/5234/12661.mvt?api_key=mapzen-6Lefst1,200,Metatile,361,364,296
https://tile.mapzen.com/mapzen/vector/v1/512/all/15/5235/12664.mvt?api_key=mapzen-6Lefst1,200,Metatile,248,288,171607
https://tile.mapzen.com/mapzen/vector/v1/512/all/15/5236/12672.mvt?api_key=mapzen-6Lefst1,200,Metatile,129,149,107001
https://tile.mapzen.com/mapzen/vector/v1/512/all/15/5236/12665.mvt?api_key=mapzen-6Lefst1,200,Metatile,199,214,134871
https://tile.mapzen.com/mapzen/vector/v1/512/all/15/5235/12673.mvt?api_key=mapzen-6Lefst1,200,Metatile,209,266,77628
https://tile.mapzen.com/mapzen/vector/v1/512/all/15/5235/12668.mvt?api_key=mapzen-6Lefst1,200,Metatile,266,318,138018
https://tile.mapzen.com/mapzen/vector/v1/512/all/15/5238/12658.mvt?api_key=mapzen-6Lefst1,200,Metatile,101,103,1320
https://tile.mapzen.com/mapzen/vector/v1/512/all/15/5236/12673.mvt?api_key=mapzen-6Lefst1,200,Metatile,204,225,95092
https://tile.mapzen.com/mapzen/vector/v1/512/all/15/5235/12671.mvt?api_key=mapzen-6Lefst1,200,Metatile,258,333,265447
https://tile.mapzen.com/mapzen/vector/v1/512/all/15/5237/12662.mvt?api_key=mapzen-6Lefst1,200,Metatile,168,173,34039
https://tile.mapzen.com/mapzen/vector/v1/512/all/15/5236/12664.mvt?api_key=mapzen-6Lefst1,200,Metatile,230,271,160575
https://tile.mapzen.com/mapzen/vector/v1/512/all/15/5238/12659.mvt?api_key=mapzen-6Lefst1,200,Metatile,109,111,296
https://tile.mapzen.com/mapzen/vector/v1/512/all/15/5238/12660.mvt?api_key=mapzen-6Lefst1,200,Metatile,106,108,296
https://tile.mapzen.com/mapzen/vector/v1/512/all/15/5236/12671.mvt?api_key=mapzen-6Lefst1,200,Metatile,193,245,138884
https://tile.mapzen.com/mapzen/vector/v1/512/all/15/5237/12663.mvt?api_key=mapzen-6Lefst1,200,Metatile,171,175,39897
https://tile.mapzen.com/mapzen/vector/v1/512/all/15/5236/12670.mvt?api_key=mapzen-6Lefst1,200,Metatile,213,257,115919
https://tile.mapzen.com/mapzen/vector/v1/512/all/15/5236/12668.mvt?api_key=mapzen-6Lefst1,200,Metatile,190,278,200707
https://tile.mapzen.com/mapzen/vector/v1/512/all/15/5236/12666.mvt?api_key=mapzen-6Lefst1,200,Metatile,276,303,169902
https://tile.mapzen.com/mapzen/vector/v1/512/all/15/5238/12661.mvt?api_key=mapzen-6Lefst1,200,Metatile,158,160,15600
https://tile.mapzen.com/mapzen/vector/v1/512/all/15/5237/12664.mvt?api_key=mapzen-6Lefst1,200,Metatile,189,227,171847
https://tile.mapzen.com/mapzen/vector/v1/512/all/15/5237/12669.mvt?api_key=mapzen-6Lefst1,200,Metatile,162,195,115736
https://tile.mapzen.com/mapzen/vector/v1/512/all/15/5237/12665.mvt?api_key=mapzen-6Lefst1,200,Metatile,190,227,128403
https://tile.mapzen.com/mapzen/vector/v1/512/all/15/5237/12672.mvt?api_key=mapzen-6Lefst1,200,Metatile,176,203,142587
https://tile.mapzen.com/mapzen/vector/v1/512/all/15/5237/12668.mvt?api_key=mapzen-6Lefst1,200,Metatile,175,216,103577
https://tile.mapzen.com/mapzen/vector/v1/512/all/15/5239/12658.mvt?api_key=mapzen-6Lefst1,200,Metatile,86,89,966
https://tile.mapzen.com/mapzen/vector/v1/512/all/15/5239/12660.mvt?api_key=mapzen-6Lefst1,200,Metatile,109,112,296
https://tile.mapzen.com/mapzen/vector/v1/512/all/15/5237/12673.mvt?api_key=mapzen-6Lefst1,200,Metatile,188,236,150582
https://tile.mapzen.com/mapzen/vector/v1/512/all/15/5238/12662.mvt?api_key=mapzen-6Lefst1,200,Metatile,185,221,119295
https://tile.mapzen.com/mapzen/vector/v1/512/all/15/5237/12671.mvt?api_key=mapzen-6Lefst1,200,Metatile,208,245,153080
https://tile.mapzen.com/mapzen/vector/v1/512/all/15/5236/12667.mvt?api_key=mapzen-6Lefst1,200,Metatile,302,381,239482
https://tile.mapzen.com/mapzen/vector/v1/512/all/15/5239/12659.mvt?api_key=mapzen-6Lefst1,200,Metatile,121,125,669
https://tile.mapzen.com/mapzen/vector/v1/512/all/15/5238/12663.mvt?api_key=mapzen-6Lefst1,200,Metatile,198,229,109004
https://tile.mapzen.com/mapzen/vector/v1/512/all/15/5238/12664.mvt?api_key=mapzen-6Lefst1,200,Metatile,221,252,147274
https://tile.mapzen.com/mapzen/vector/v1/512/all/15/5237/12670.mvt?api_key=mapzen-6Lefst1,200,Metatile,243,300,122663
https://tile.mapzen.com/mapzen/vector/v1/512/all/15/5238/12666.mvt?api_key=mapzen-6Lefst1,200,Metatile,201,252,231208
https://tile.mapzen.com/mapzen/vector/v1/512/all/15/5237/12666.mvt?api_key=mapzen-6Lefst1,200,Metatile,227,344,159261
https://tile.mapzen.com/mapzen/vector/v1/512/all/15/5240/12660.mvt?api_key=mapzen-6Lefst1,200,Metatile,82,85,670
https://tile.mapzen.com/mapzen/vector/v1/512/all/15/5237/12667.mvt?api_key=mapzen-6Lefst1,200,Metatile,326,348,90900
https://tile.mapzen.com/mapzen/vector/v1/512/all/15/5238/12665.mvt?api_key=mapzen-6Lefst1,200,Metatile,240,304,155966
https://tile.mapzen.com/mapzen/vector/v1/512/all/15/5238/12670.mvt?api_key=mapzen-6Lefst1,200,Metatile,178,229,161391
https://tile.mapzen.com/mapzen/vector/v1/512/all/15/5239/12668.mvt?api_key=mapzen-6Lefst1,200,Metatile,123,156,160210
https://tile.mapzen.com/mapzen/vector/v1/512/all/15/5239/12661.mvt?api_key=mapzen-6Lefst1,200,Metatile,231,234,27847
https://tile.mapzen.com/mapzen/vector/v1/512/all/15/5236/12669.mvt?api_key=mapzen-6Lefst1,200,Metatile,418,489,199037
https://tile.mapzen.com/mapzen/vector/v1/512/all/15/5238/12667.mvt?api_key=mapzen-6Lefst1,200,Metatile,213,303,126844
https://tile.mapzen.com/mapzen/vector/v1/512/all/15/5240/12659.mvt?api_key=mapzen-6Lefst1,200,Metatile,124,128,8689
https://tile.mapzen.com/mapzen/vector/v1/512/all/15/5238/12669.mvt?api_key=mapzen-6Lefst1,200,Metatile,245,307,108331
https://tile.mapzen.com/mapzen/vector/v1/512/all/15/5240/12658.mvt?api_key=mapzen-6Lefst1,200,Metatile,172,176,808
https://tile.mapzen.com/mapzen/vector/v1/512/all/15/5239/12663.mvt?api_key=mapzen-6Lefst1,200,Metatile,198,273,158412
https://tile.mapzen.com/mapzen/vector/v1/512/all/15/5238/12668.mvt?api_key=mapzen-6Lefst1,200,Metatile,290,345,100984
https://tile.mapzen.com/mapzen/vector/v1/512/all/15/5238/12671.mvt?api_key=mapzen-6Lefst1,200,Metatile,277,328,117697
https://tile.mapzen.com/mapzen/vector/v1/512/all/15/5239/12666.mvt?api_key=mapzen-6Lefst1,200,Metatile,191,267,198034
https://tile.mapzen.com/mapzen/vector/v1/512/all/15/5240/12661.mvt?api_key=mapzen-6Lefst1,200,Metatile,205,214,29926
https://tile.mapzen.com/mapzen/vector/v1/512/all/15/5238/12672.mvt?api_key=mapzen-6Lefst1,200,Metatile,262,350,172413
https://tile.mapzen.com/mapzen/vector/v1/512/all/15/5239/12665.mvt?api_key=mapzen-6Lefst1,200,Metatile,182,295,203100
https://tile.mapzen.com/mapzen/vector/v1/512/all/15/5239/12662.mvt?api_key=mapzen-6Lefst1,200,Metatile,240,342,193572
https://tile.mapzen.com/mapzen/vector/v1/512/all/15/5239/12669.mvt?api_key=mapzen-6Lefst1,200,Metatile,222,275,119728
https://tile.mapzen.com/mapzen/vector/v1/512/all/15/5239/12671.mvt?api_key=mapzen-6Lefst1,200,Metatile,174,265,180104
https://tile.mapzen.com/mapzen/vector/v1/512/all/15/5241/12659.mvt?api_key=mapzen-6Lefst1,200,Metatile,106,109,1659
https://tile.mapzen.com/mapzen/vector/v1/512/all/15/5241/12658.mvt?api_key=mapzen-6Lefst1,200,Metatile,134,137,791
https://tile.mapzen.com/mapzen/vector/v1/512/all/15/5239/12664.mvt?api_key=mapzen-6Lefst1,200,Metatile,330,359,143910
https://tile.mapzen.com/mapzen/vector/v1/512/all/15/5240/12673.mvt?api_key=mapzen-6Lefst1,200,Metatile,152,166,62545
https://tile.mapzen.com/mapzen/vector/v1/512/all/15/5240/12665.mvt?api_key=mapzen-6Lefst1,200,Metatile,166,234,177395
https://tile.mapzen.com/mapzen/vector/v1/512/all/15/5239/12672.mvt?api_key=mapzen-6Lefst1,200,Metatile,221,311,190764
https://tile.mapzen.com/mapzen/vector/v1/512/all/15/5239/12667.mvt?api_key=mapzen-6Lefst1,200,Metatile,275,365,189162
https://tile.mapzen.com/mapzen/vector/v1/512/all/15/5240/12663.mvt?api_key=mapzen-6Lefst1,200,Metatile,224,278,148902
https://tile.mapzen.com/mapzen/vector/v1/512/all/15/5239/12673.mvt?api_key=mapzen-6Lefst1,200,Metatile,322,334,83856
https://tile.mapzen.com/mapzen/vector/v1/512/all/15/5240/12664.mvt?api_key=mapzen-6Lefst1,200,Metatile,253,319,101438
https://tile.mapzen.com/mapzen/vector/v1/512/all/15/5238/12673.mvt?api_key=mapzen-6Lefst1,200,Metatile,467,496,122406
https://tile.mapzen.com/mapzen/vector/v1/512/all/15/5241/12660.mvt?api_key=mapzen-6Lefst1,200,Metatile,213,215,734
https://tile.mapzen.com/mapzen/vector/v1/512/all/15/5241/12661.mvt?api_key=mapzen-6Lefst1,200,Metatile,201,220,54017
https://tile.mapzen.com/mapzen/vector/v1/512/all/15/5242/12658.mvt?api_key=mapzen-6Lefst1,200,Metatile,128,130,296
https://tile.mapzen.com/mapzen/vector/v1/512/all/15/5240/12671.mvt?api_key=mapzen-6Lefst1,200,Metatile,227,292,149568
https://tile.mapzen.com/mapzen/vector/v1/512/all/15/5239/12670.mvt?api_key=mapzen-6Lefst1,200,Metatile,316,442,174118
https://tile.mapzen.com/mapzen/vector/v1/512/all/15/5240/12672.mvt?api_key=mapzen-6Lefst1,200,Metatile,275,297,83427
https://tile.mapzen.com/mapzen/vector/v1/512/all/15/5240/12669.mvt?api_key=mapzen-6Lefst1,200,Metatile,215,317,214942
https://tile.mapzen.com/mapzen/vector/v1/512/all/15/5242/12659.mvt?api_key=mapzen-6Lefst1,200,Metatile,128,131,793
https://tile.mapzen.com/mapzen/vector/v1/512/all/15/5240/12667.mvt?api_key=mapzen-6Lefst1,200,Metatile,220,341,184917
https://tile.mapzen.com/mapzen/vector/v1/512/all/15/5241/12664.mvt?api_key=mapzen-6Lefst1,200,Metatile,172,239,142539
https://tile.mapzen.com/mapzen/vector/v1/512/all/15/5242/12660.mvt?api_key=mapzen-6Lefst1,200,Metatile,154,157,900
https://tile.mapzen.com/mapzen/vector/v1/512/all/15/5240/12662.mvt?api_key=mapzen-6Lefst1,200,Metatile,344,443,168798
https://tile.mapzen.com/mapzen/vector/v1/512/all/15/5240/12670.mvt?api_key=mapzen-6Lefst1,200,Metatile,278,365,167288
https://tile.mapzen.com/mapzen/vector/v1/512/all/15/5240/12666.mvt?api_key=mapzen-6Lefst1,200,Metatile,201,384,174629
https://tile.mapzen.com/mapzen/vector/v1/512/all/15/5240/12668.mvt?api_key=mapzen-6Lefst1,200,Metatile,247,394,298798
https://tile.mapzen.com/mapzen/vector/v1/512/all/15/5241/12672.mvt?api_key=mapzen-6Lefst1,200,Metatile,264,274,94771
https://tile.mapzen.com/mapzen/vector/v1/512/all/15/5241/12665.mvt?api_key=mapzen-6Lefst1,200,Metatile,241,303,143492
https://tile.mapzen.com/mapzen/vector/v1/512/all/15/5241/12673.mvt?api_key=mapzen-6Lefst1,200,Metatile,182,260,97409
https://tile.mapzen.com/mapzen/vector/v1/512/all/15/5243/12658.mvt?api_key=mapzen-6Lefst1,200,Metatile,105,109,754
https://tile.mapzen.com/mapzen/vector/v1/512/all/15/5241/12669.mvt?api_key=mapzen-6Lefst1,200,Metatile,196,298,198706
https://tile.mapzen.com/mapzen/vector/v1/512/all/15/5241/12667.mvt?api_key=mapzen-6Lefst1,200,Metatile,229,320,154541
https://tile.mapzen.com/mapzen/vector/v1/512/all/15/5243/12659.mvt?api_key=mapzen-6Lefst1,200,Metatile,116,119,748
https://tile.mapzen.com/mapzen/vector/v1/512/all/15/5241/12666.mvt?api_key=mapzen-6Lefst1,200,Metatile,225,340,102556
https://tile.mapzen.com/mapzen/vector/v1/512/all/15/5241/12670.mvt?api_key=mapzen-6Lefst1,200,Metatile,251,331,140696
https://tile.mapzen.com/mapzen/vector/v1/512/all/15/5243/12660.mvt?api_key=mapzen-6Lefst1,200,Metatile,137,139,749
https://tile.mapzen.com/mapzen/vector/v1/512/all/15/5241/12671.mvt?api_key=mapzen-6Lefst1,200,Metatile,313,358,93259
https://tile.mapzen.com/mapzen/vector/v1/512/all/15/5241/12662.mvt?api_key=mapzen-6Lefst1,200,Metatile,261,419,207313
https://tile.mapzen.com/mapzen/vector/v1/512/all/15/5242/12661.mvt?api_key=mapzen-6Lefst1,200,Metatile,291,293,16433
https://tile.mapzen.com/mapzen/vector/v1/512/all/15/5241/12668.mvt?api_key=mapzen-6Lefst1,200,Metatile,223,375,203430
https://tile.mapzen.com/mapzen/vector/v1/512/all/15/5242/12663.mvt?api_key=mapzen-6Lefst1,200,Metatile,194,281,193936
https://tile.mapzen.com/mapzen/vector/v1/512/all/15/5242/12665.mvt?api_key=mapzen-6Lefst1,200,Metatile,178,251,99997
https://tile.mapzen.com/mapzen/vector/v1/512/all/15/5242/12666.mvt?api_key=mapzen-6Lefst1,200,Metatile,240,257,68922
https://tile.mapzen.com/mapzen/vector/v1/512/all/15/5243/12661.mvt?api_key=mapzen-6Lefst1,200,Metatile,167,169,1156
https://tile.mapzen.com/mapzen/vector/v1/512/all/15/5242/12664.mvt?api_key=mapzen-6Lefst1,200,Metatile,217,299,124528
https://tile.mapzen.com/mapzen/vector/v1/512/all/15/5242/12662.mvt?api_key=mapzen-6Lefst1,200,Metatile,220,325,172704
https://tile.mapzen.com/mapzen/vector/v1/512/all/15/5241/12663.mvt?api_key=mapzen-6Lefst1,200,Metatile,279,440,192957
https://tile.mapzen.com/mapzen/vector/v1/512/all/15/5243/12662.mvt?api_key=mapzen-6Lefst1,200,Metatile,170,175,20720
https://tile.mapzen.com/mapzen/vector/v1/512/all/15/5242/12668.mvt?api_key=mapzen-6Lefst1,200,Metatile,193,247,137618
https://tile.mapzen.com/mapzen/vector/v1/512/all/15/5242/12669.mvt?api_key=mapzen-6Lefst1,200,Metatile,239,253,77455
https://tile.mapzen.com/mapzen/vector/v1/512/all/15/5243/12673.mvt?api_key=mapzen-6Lefst1,200,Metatile,99,102,8892
https://tile.mapzen.com/mapzen/vector/v1/512/all/15/5242/12670.mvt?api_key=mapzen-6Lefst1,200,Metatile,213,264,149057
https://tile.mapzen.com/mapzen/vector/v1/512/all/15/5244/12658.mvt?api_key=mapzen-6Lefst1,200,Metatile,97,100,557
https://tile.mapzen.com/mapzen/vector/v1/512/all/15/5243/12663.mvt?api_key=mapzen-6Lefst1,200,Metatile,189,206,92245
https://tile.mapzen.com/mapzen/vector/v1/512/all/15/5244/12659.mvt?api_key=mapzen-6Lefst1,200,Metatile,93,96,7784
https://tile.mapzen.com/mapzen/vector/v1/512/all/15/5244/12662.mvt?api_key=mapzen-6Lefst1,200,Metatile,76,79,3282
https://tile.mapzen.com/mapzen/vector/v1/512/all/15/5244/12660.mvt?api_key=mapzen-6Lefst1,200,Metatile,82,85,498
https://tile.mapzen.com/mapzen/vector/v1/512/all/15/5243/12665.mvt?api_key=mapzen-6Lefst1,200,Metatile,176,197,96407
https://tile.mapzen.com/mapzen/vector/v1/512/all/15/5242/12671.mvt?api_key=mapzen-6Lefst1,200,Metatile,229,282,131501
https://tile.mapzen.com/mapzen/vector/v1/512/all/15/5244/12663.mvt?api_key=mapzen-6Lefst1,200,Metatile,82,86,2988
https://tile.mapzen.com/mapzen/vector/v1/512/all/15/5242/12673.mvt?api_key=mapzen-6Lefst1,200,Metatile,270,278,34057
https://tile.mapzen.com/mapzen/vector/v1/512/all/15/5244/12665.mvt?api_key=mapzen-6Lefst1,200,Metatile,72,76,7775
https://tile.mapzen.com/mapzen/vector/v1/512/all/15/5242/12667.mvt?api_key=mapzen-6Lefst1,200,Metatile,229,306,139551
https://tile.mapzen.com/mapzen/vector/v1/512/all/15/5244/12661.mvt?api_key=mapzen-6Lefst1,200,Metatile,98,101,616
https://tile.mapzen.com/mapzen/vector/v1/512/all/15/5243/12666.mvt?api_key=mapzen-6Lefst1,200,Metatile,176,188,61013
https://tile.mapzen.com/mapzen/vector/v1/512/all/15/5244/12664.mvt?api_key=mapzen-6Lefst1,200,Metatile,98,101,5093
https://tile.mapzen.com/mapzen/vector/v1/512/all/15/5243/12664.mvt?api_key=mapzen-6Lefst1,200,Metatile,192,239,93665
https://tile.mapzen.com/mapzen/vector/v1/512/all/15/5244/12666.mvt?api_key=mapzen-6Lefst1,200,Metatile,76,79,7536
https://tile.mapzen.com/mapzen/vector/v1/512/all/15/5244/12673.mvt?api_key=mapzen-6Lefst1,200,Metatile,60,63,3617
https://tile.mapzen.com/mapzen/vector/v1/512/all/15/5243/12668.mvt?api_key=mapzen-6Lefst1,200,Metatile,188,201,44277
https://tile.mapzen.com/mapzen/vector/v1/512/all/15/5244/12672.mvt?api_key=mapzen-6Lefst1,200,Metatile,79,82,11564
https://tile.mapzen.com/mapzen/vector/v1/512/all/15/5243/12672.mvt?api_key=mapzen-6Lefst1,200,Metatile,160,178,61027
https://tile.mapzen.com/mapzen/vector/v1/512/all/15/5242/12672.mvt?api_key=mapzen-6Lefst1,200,Metatile,267,315,165540
https://tile.mapzen.com/mapzen/vector/v1/512/all/15/5245/12663.mvt?api_key=mapzen-6Lefst1,200,Metatile,55,58,942
https://tile.mapzen.com/mapzen/vector/v1/512/all/15/5245/12662.mvt?api_key=mapzen-6Lefst1,200,Metatile,56,59,3359
https://tile.mapzen.com/mapzen/vector/v1/512/all/15/5245/12661.mvt?api_key=mapzen-6Lefst1,200,Metatile,62,65,8084
https://tile.mapzen.com/mapzen/vector/v1/512/all/15/5243/12671.mvt?api_key=mapzen-6Lefst1,200,Metatile,160,193,105601
https://tile.mapzen.com/mapzen/vector/v1/512/all/15/5243/12669.mvt?api_key=mapzen-6Lefst1,200,Metatile,187,216,95406
https://tile.mapzen.com/mapzen/vector/v1/512/all/15/5244/12668.mvt?api_key=mapzen-6Lefst1,200,Metatile,107,110,29134
https://tile.mapzen.com/mapzen/vector/v1/512/all/15/5243/12670.mvt?api_key=mapzen-6Lefst1,200,Metatile,183,217,174839
https://tile.mapzen.com/mapzen/vector/v1/512/all/15/5245/12660.mvt?api_key=mapzen-6Lefst1,200,Metatile,86,89,18081
https://tile.mapzen.com/mapzen/vector/v1/512/all/15/5245/12667.mvt?api_key=mapzen-6Lefst1,200,Metatile,63,66,558
https://tile.mapzen.com/mapzen/vector/v1/512/all/15/5245/12658.mvt?api_key=mapzen-6Lefst1,200,Metatile,93,96,2731
https://tile.mapzen.com/mapzen/vector/v1/512/all/15/5244/12671.mvt?api_key=mapzen-6Lefst1,200,Metatile,117,120,24177
https://tile.mapzen.com/mapzen/vector/v1/512/all/15/5245/12672.mvt?api_key=mapzen-6Lefst1,200,Metatile,58,60,1366
https://tile.mapzen.com/mapzen/vector/v1/512/all/15/5245/12673.mvt?api_key=mapzen-6Lefst1,200,Metatile,54,57,2140
https://tile.mapzen.com/mapzen/vector/v1/512/all/15/5245/12669.mvt?api_key=mapzen-6Lefst1,200,Metatile,83,85,6773
https://tile.mapzen.com/mapzen/vector/v1/512/all/15/5244/12669.mvt?api_key=mapzen-6Lefst1,200,Metatile,145,157,44062
https://tile.mapzen.com/mapzen/vector/v1/512/all/15/5244/12667.mvt?api_key=mapzen-6Lefst1,200,Metatile,157,161,18085
https://tile.mapzen.com/mapzen/vector/v1/512/all/15/5245/12665.mvt?api_key=mapzen-6Lefst1,200,Metatile,105,108,569
https://tile.mapzen.com/mapzen/vector/v1/512/all/15/5245/12671.mvt?api_key=mapzen-6Lefst1,200,Metatile,93,98,9103
https://tile.mapzen.com/mapzen/vector/v1/512/all/15/5246/12670.mvt?api_key=mapzen-6Lefst1,200,Metatile,52,54,5971
https://tile.mapzen.com/mapzen/vector/v1/512/all/15/5246/12663.mvt?api_key=mapzen-6Lefst1,200,Metatile,67,70,1023
https://tile.mapzen.com/mapzen/vector/v1/512/all/15/5245/12666.mvt?api_key=mapzen-6Lefst1,200,Metatile,108,113,566
https://tile.mapzen.com/mapzen/vector/v1/512/all/15/5246/12667.mvt?api_key=mapzen-6Lefst1,200,Metatile,62,66,807
https://tile.mapzen.com/mapzen/vector/v1/512/all/15/5245/12664.mvt?api_key=mapzen-6Lefst1,200,Metatile,124,126,864
https://tile.mapzen.com/mapzen/vector/v1/512/all/15/5245/12668.mvt?api_key=mapzen-6Lefst1,200,Metatile,108,111,1555
https://tile.mapzen.com/mapzen/vector/v1/512/all/15/5246/12660.mvt?api_key=mapzen-6Lefst1,200,Metatile,89,91,4794
https://tile.mapzen.com/mapzen/vector/v1/512/all/15/5245/12670.mvt?api_key=mapzen-6Lefst1,200,Metatile,110,113,24430
https://tile.mapzen.com/mapzen/vector/v1/512/all/15/5246/12669.mvt?api_key=mapzen-6Lefst1,200,Metatile,69,72,296
https://tile.mapzen.com/mapzen/vector/v1/512/all/15/5246/12671.mvt?api_key=mapzen-6Lefst1,200,Metatile,70,73,8559
https://tile.mapzen.com/mapzen/vector/v1/512/all/15/5246/12662.mvt?api_key=mapzen-6Lefst1,200,Metatile,94,96,2313
https://tile.mapzen.com/mapzen/vector/v1/512/all/15/5246/12659.mvt?api_key=mapzen-6Lefst1,200,Metatile,124,127,2045
https://tile.mapzen.com/mapzen/vector/v1/512/all/15/5246/12665.mvt?api_key=mapzen-6Lefst1,200,Metatile,102,106,669
https://tile.mapzen.com/mapzen/vector/v1/512/all/15/5243/12667.mvt?api_key=mapzen-6Lefst1,200,Metatile,312,333,95547
https://tile.mapzen.com/mapzen/vector/v1/512/all/15/5244/12670.mvt?api_key=mapzen-6Lefst1,200,Metatile,183,212,106450
https://tile.mapzen.com/mapzen/vector/v1/512/all/15/5246/12661.mvt?api_key=mapzen-6Lefst1,200,Metatile,126,128,13569
https://tile.mapzen.com/mapzen/vector/v1/512/all/15/5246/12664.mvt?api_key=mapzen-6Lefst1,200,Metatile,124,127,742
https://tile.mapzen.com/mapzen/vector/v1/512/all/15/5246/12668.mvt?api_key=mapzen-6Lefst1,200,Metatile,152,155,793
https://tile.mapzen.com/mapzen/vector/v1/512/all/15/5246/12666.mvt?api_key=mapzen-6Lefst1,200,Metatile,164,168,669
https://tile.mapzen.com/mapzen/vector/v1/512/all/15/5245/12659.mvt?api_key=mapzen-6Lefst1,200,Metatile,313,319,43717
https://tile.mapzen.com/mapzen/vector/v1/512/all/15/5246/12672.mvt?api_key=mapzen-6Lefst1,200,Metatile,230,235,1941
https://tile.mapzen.com/mapzen/vector/v1/512/all/15/5246/12658.mvt?api_key=mapzen-6Lefst1,200,Metatile,309,312,1448
https://tile.mapzen.com/mapzen/vector/v1/512/all/15/5246/12673.mvt?api_key=mapzen-6Lefst1,200,App,587,589,1665
